Instance,Terminal,Layer,X location,Y location,Voltage
FILLER_29_174,VPWR,li1,85.7900,89.7600,1.799924
FILLER_29_169,VPWR,li1,83.7200,89.7600,1.799924
FILLER_29_167,VPWR,li1,82.5700,89.7600,1.799924
FILLER_29_160,VPWR,li1,79.3500,89.7600,1.799924
FILLER_29_153,VPWR,li1,76.8200,89.7600,1.799924
FILLER_29_146,VPWR,li1,73.6000,89.7600,1.799924
FILLER_29_141,VPWR,li1,70.8400,89.7600,1.799924
FILLER_29_139,VPWR,li1,69.6900,89.7600,1.799924
FILLER_29_132,VPWR,li1,67.1600,89.7600,1.799924
FILLER_29_126,VPWR,li1,64.1700,89.7600,1.799924
FILLER_29_119,VPWR,li1,60.9500,89.7600,1.799924
FILLER_29_113,VPWR,li1,57.9600,89.7600,1.799924
FILLER_29_111,VPWR,li1,56.8100,89.7600,1.799927
FILLER_29_104,VPWR,li1,54.2800,89.7600,1.799930
FILLER_29_97,VPWR,li1,51.0600,89.7600,1.799934
FILLER_29_90,VPWR,li1,47.8400,89.7600,1.799937
FILLER_29_85,VPWR,li1,45.0800,89.7600,1.799939
FILLER_29_83,VPWR,li1,43.9300,89.7600,1.799941
FILLER_29_77,VPWR,li1,41.6300,89.7600,1.799944
FILLER_29_69,VPWR,li1,38.1800,89.7600,1.799948
FILLER_29_57,VPWR,li1,34.5000,89.7600,1.799955
FILLER_29_53,VPWR,li1,30.5900,89.7600,1.799963
FILLER_29_41,VPWR,li1,27.1400,89.7600,1.799969
FILLER_29_29,VPWR,li1,21.6200,89.7600,1.799980
FILLER_29_24,VPWR,li1,17.4800,89.7600,1.799980
FILLER_29_12,VPWR,li1,13.8000,89.7600,1.799980
FILLER_28_165,VPWR,li1,82.3400,89.7600,1.799924
FILLER_28_153,VPWR,li1,78.6600,89.7600,1.799924
FILLER_28_141,VPWR,li1,73.1400,89.7600,1.799924
FILLER_28_139,VPWR,li1,69.6900,89.7600,1.799924
FILLER_28_135,VPWR,li1,68.5400,89.7600,1.799924
FILLER_28_123,VPWR,li1,64.8600,89.7600,1.799924
FILLER_28_115,VPWR,li1,59.1100,89.7600,1.799924
FILLER_28_109,VPWR,li1,56.3500,89.7600,1.799927
FILLER_28_97,VPWR,li1,52.9000,89.7600,1.799930
FILLER_28_85,VPWR,li1,47.3800,89.7600,1.799937
FILLER_28_83,VPWR,li1,43.9300,89.7600,1.799941
FILLER_28_77,VPWR,li1,42.3200,89.7600,1.799941
FILLER_28_65,VPWR,li1,38.1800,89.7600,1.799948
FILLER_28_53,VPWR,li1,32.6600,89.7600,1.799958
FILLER_28_41,VPWR,li1,27.1400,89.7600,1.799969
FILLER_28_29,VPWR,li1,21.6200,89.7600,1.799980
FILLER_28_27,VPWR,li1,18.1700,89.7600,1.799980
FILLER_28_15,VPWR,li1,15.1800,89.7600,1.799980
FILLER_28_3,VPWR,li1,9.6600,89.7600,1.799980
FILLER_27_169,VPWR,li1,83.9500,84.3200,1.800000
FILLER_27_167,VPWR,li1,82.5700,84.3200,1.800000
FILLER_27_161,VPWR,li1,80.9600,84.3200,1.800000
FILLER_27_149,VPWR,li1,76.8200,84.3200,1.800000
FILLER_27_137,VPWR,li1,71.3000,84.3200,1.800000
FILLER_27_125,VPWR,li1,65.7800,84.3200,1.800000
FILLER_27_113,VPWR,li1,60.2600,84.3200,1.800000
FILLER_27_111,VPWR,li1,56.8100,84.3200,1.800000
FILLER_27_105,VPWR,li1,55.2000,84.3200,1.800000
FILLER_27_93,VPWR,li1,51.0600,84.3200,1.800000
FILLER_27_81,VPWR,li1,45.5400,84.3200,1.800000
FILLER_27_69,VPWR,li1,40.0200,84.3200,1.800000
FILLER_27_57,VPWR,li1,34.5000,84.3200,1.800000
FILLER_27_54,VPWR,li1,30.8200,84.3200,1.800000
FILLER_27_42,VPWR,li1,27.6000,84.3200,1.800000
FILLER_27_30,VPWR,li1,22.0800,84.3200,1.800000
FILLER_27_18,VPWR,li1,16.5600,84.3200,1.799999
FILLER_27_6,VPWR,li1,11.0400,84.3200,1.799999
FILLER_26_173,VPWR,li1,85.5600,84.3200,1.800000
FILLER_26_165,VPWR,li1,83.2600,84.3200,1.800000
FILLER_26_153,VPWR,li1,78.6600,84.3200,1.800000
FILLER_26_141,VPWR,li1,73.1400,84.3200,1.800000
FILLER_26_139,VPWR,li1,69.6900,84.3200,1.800000
FILLER_26_133,VPWR,li1,68.0800,84.3200,1.800000
FILLER_26_121,VPWR,li1,63.9400,84.3200,1.800000
FILLER_26_109,VPWR,li1,58.4200,84.3200,1.800000
FILLER_26_97,VPWR,li1,52.9000,84.3200,1.800000
FILLER_26_85,VPWR,li1,47.3800,84.3200,1.800000
FILLER_26_83,VPWR,li1,43.9300,84.3200,1.800000
FILLER_26_77,VPWR,li1,42.3200,84.3200,1.800000
FILLER_26_65,VPWR,li1,38.1800,84.3200,1.800000
FILLER_26_53,VPWR,li1,32.6600,84.3200,1.800000
FILLER_26_41,VPWR,li1,27.1400,84.3200,1.800000
FILLER_26_29,VPWR,li1,21.6200,84.3200,1.800000
FILLER_26_26,VPWR,li1,17.9400,84.3200,1.799999
FILLER_26_18,VPWR,li1,15.6400,84.3200,1.799999
FILLER_26_6,VPWR,li1,11.0400,84.3200,1.799999
FILLER_25_169,VPWR,li1,84.6400,78.8800,1.799712
FILLER_25_167,VPWR,li1,82.5700,78.8800,1.799712
FILLER_25_161,VPWR,li1,80.9600,78.8800,1.799712
FILLER_25_149,VPWR,li1,76.8200,78.8800,1.799712
FILLER_25_137,VPWR,li1,71.3000,78.8800,1.799712
FILLER_25_125,VPWR,li1,65.7800,78.8800,1.799712
FILLER_25_113,VPWR,li1,60.2600,78.8800,1.799713
FILLER_25_111,VPWR,li1,56.8100,78.8800,1.799717
FILLER_25_97,VPWR,li1,51.9800,78.8800,1.799724
FILLER_25_75,VPWR,li1,40.2500,78.8800,1.799765
FILLER_25_69,VPWR,li1,38.6400,78.8800,1.799765
FILLER_25_57,VPWR,li1,34.5000,78.8800,1.799796
FILLER_25_55,VPWR,li1,31.0500,78.8800,1.799816
FILLER_25_51,VPWR,li1,29.9000,78.8800,1.799840
FILLER_25_39,VPWR,li1,26.2200,78.8800,1.799859
FILLER_25_17,VPWR,li1,13.8000,78.8800,1.799894
FILLER_25_9,VPWR,li1,11.5000,78.8800,1.799894
FILLER_24_177,VPWR,li1,87.1700,78.8800,1.799712
FILLER_24_165,VPWR,li1,84.1800,78.8800,1.799712
FILLER_24_153,VPWR,li1,78.6600,78.8800,1.799712
FILLER_24_141,VPWR,li1,73.1400,78.8800,1.799712
FILLER_24_139,VPWR,li1,69.6900,78.8800,1.799712
FILLER_24_133,VPWR,li1,68.0800,78.8800,1.799712
FILLER_24_101,VPWR,li1,52.2100,78.8800,1.799724
FILLER_24_97,VPWR,li1,51.0600,78.8800,1.799724
FILLER_24_85,VPWR,li1,47.3800,78.8800,1.799731
FILLER_24_83,VPWR,li1,43.9300,78.8800,1.799737
FILLER_24_71,VPWR,li1,38.8700,78.8800,1.799765
FILLER_24_49,VPWR,li1,28.2900,78.8800,1.799840
FILLER_24_41,VPWR,li1,26.2200,78.8800,1.799859
FILLER_24_29,VPWR,li1,21.6200,78.8800,1.799899
FILLER_24_27,VPWR,li1,18.1700,78.8800,1.799895
FILLER_24_23,VPWR,li1,17.0200,78.8800,1.799895
FILLER_23_177,VPWR,li1,87.1700,73.4400,1.799649
FILLER_23_169,VPWR,li1,85.1000,73.4400,1.799649
FILLER_23_166,VPWR,li1,82.3400,73.4400,1.799649
FILLER_23_158,VPWR,li1,80.0400,73.4400,1.799649
FILLER_23_146,VPWR,li1,75.4400,73.4400,1.799649
FILLER_23_125,VPWR,li1,63.2500,73.4400,1.799660
FILLER_23_113,VPWR,li1,60.2600,73.4400,1.799670
FILLER_23_106,VPWR,li1,55.6600,73.4400,1.799687
FILLER_23_90,VPWR,li1,48.7600,73.4400,1.799716
FILLER_23_78,VPWR,li1,44.1600,73.4400,1.799736
FILLER_23_66,VPWR,li1,38.6400,73.4400,1.799757
FILLER_23_52,VPWR,li1,30.3600,73.4400,1.799805
FILLER_23_31,VPWR,li1,20.0100,73.4400,1.799877
FILLER_23_23,VPWR,li1,17.9400,73.4400,1.799874
FILLER_22_177,VPWR,li1,87.1700,73.4400,1.799649
FILLER_22_165,VPWR,li1,84.1800,73.4400,1.799649
FILLER_22_153,VPWR,li1,78.6600,73.4400,1.799649
FILLER_22_141,VPWR,li1,73.1400,73.4400,1.799649
FILLER_22_119,VPWR,li1,60.4900,73.4400,1.799670
FILLER_22_111,VPWR,li1,58.4200,73.4400,1.799677
FILLER_22_99,VPWR,li1,53.8200,73.4400,1.799698
FILLER_22_85,VPWR,li1,45.5400,73.4400,1.799726
FILLER_22_80,VPWR,li1,43.2400,73.4400,1.799736
FILLER_22_68,VPWR,li1,37.4900,73.4400,1.799770
FILLER_22_59,VPWR,li1,32.8900,73.4400,1.799788
FILLER_22_53,VPWR,li1,31.2800,73.4400,1.799805
FILLER_22_41,VPWR,li1,25.0700,73.4400,1.799847
FILLER_22_29,VPWR,li1,21.6200,73.4400,1.799881
FILLER_22_27,VPWR,li1,18.1700,73.4400,1.799874
FILLER_22_21,VPWR,li1,16.5600,73.4400,1.799874
FILLER_22_9,VPWR,li1,12.4200,73.4400,1.799867
FILLER_21_173,VPWR,li1,85.3300,68.0000,1.799551
FILLER_21_169,VPWR,li1,84.1800,68.0000,1.799554
FILLER_21_167,VPWR,li1,82.5700,68.0000,1.799556
FILLER_21_163,VPWR,li1,81.4200,68.0000,1.799556
FILLER_21_151,VPWR,li1,77.7400,68.0000,1.799562
FILLER_21_146,VPWR,li1,73.1400,68.0000,1.799567
FILLER_21_134,VPWR,li1,69.9200,68.0000,1.799573
FILLER_21_122,VPWR,li1,64.4000,68.0000,1.799584
FILLER_21_113,VPWR,li1,58.4200,68.0000,1.799611
FILLER_21_110,VPWR,li1,56.5800,68.0000,1.799621
FILLER_21_102,VPWR,li1,52.6700,68.0000,1.799642
FILLER_21_94,VPWR,li1,50.6000,68.0000,1.799656
FILLER_21_82,VPWR,li1,46.0000,68.0000,1.799681
FILLER_21_65,VPWR,li1,35.8800,68.0000,1.799753
FILLER_21_57,VPWR,li1,31.9700,68.0000,1.799792
FILLER_21_55,VPWR,li1,31.0500,68.0000,1.799792
FILLER_21_47,VPWR,li1,28.9800,68.0000,1.799810
FILLER_21_35,VPWR,li1,24.3800,68.0000,1.799870
FILLER_21_23,VPWR,li1,18.8600,68.0000,1.799891
FILLER_20_174,VPWR,li1,85.7900,68.0000,1.799551
FILLER_20_170,VPWR,li1,84.6400,68.0000,1.799554
FILLER_20_158,VPWR,li1,80.9600,68.0000,1.799556
FILLER_20_141,VPWR,li1,70.8400,68.0000,1.799573
FILLER_20_138,VPWR,li1,69.4600,68.0000,1.799573
FILLER_20_106,VPWR,li1,57.0400,68.0000,1.799621
FILLER_20_85,VPWR,li1,44.8500,68.0000,1.799694
FILLER_20_83,VPWR,li1,43.9300,68.0000,1.799694
FILLER_20_77,VPWR,li1,42.3200,68.0000,1.799712
FILLER_20_65,VPWR,li1,38.1800,68.0000,1.799737
FILLER_20_42,VPWR,li1,25.0700,68.0000,1.799847
FILLER_20_7,VPWR,li1,11.5000,68.0000,1.799888
FILLER_19_169,VPWR,li1,84.6400,62.5600,1.799114
FILLER_19_156,VPWR,li1,80.0400,62.5600,1.799114
FILLER_19_146,VPWR,li1,73.6000,62.5600,1.799122
FILLER_19_113,VPWR,li1,59.3400,62.5600,1.799212
FILLER_19_111,VPWR,li1,56.8100,62.5600,1.799237
FILLER_19_96,VPWR,li1,51.5200,62.5600,1.799297
FILLER_19_77,VPWR,li1,42.3200,62.5600,1.799424
FILLER_19_65,VPWR,li1,38.1800,62.5600,1.799511
FILLER_19_54,VPWR,li1,30.8200,62.5600,1.799625
FILLER_19_42,VPWR,li1,27.6000,62.5600,1.799694
FILLER_19_30,VPWR,li1,22.0800,62.5600,1.799808
FILLER_19_18,VPWR,li1,16.5600,62.5600,1.799803
FILLER_19_6,VPWR,li1,11.0400,62.5600,1.799796
FILLER_18_175,VPWR,li1,86.7100,62.5600,1.799114
FILLER_18_167,VPWR,li1,84.1800,62.5600,1.799114
FILLER_18_151,VPWR,li1,75.9000,62.5600,1.799118
FILLER_18_145,VPWR,li1,72.4500,62.5600,1.799122
FILLER_18_118,VPWR,li1,61.1800,62.5600,1.799193
FILLER_18_94,VPWR,li1,49.6800,62.5600,1.799331
FILLER_18_83,VPWR,li1,43.9300,62.5600,1.799424
FILLER_18_79,VPWR,li1,42.7800,62.5600,1.799424
FILLER_18_67,VPWR,li1,37.2600,62.5600,1.799511
FILLER_18_55,VPWR,li1,33.5800,62.5600,1.799576
FILLER_18_49,VPWR,li1,28.7500,62.5600,1.799661
FILLER_18_36,VPWR,li1,23.9200,62.5600,1.799747
FILLER_18_27,VPWR,li1,18.1700,62.5600,1.799803
FILLER_18_23,VPWR,li1,17.0200,62.5600,1.799803
FILLER_17_169,VPWR,li1,84.6400,57.1200,1.799100
FILLER_17_150,VPWR,li1,75.9000,57.1200,1.799105
FILLER_17_138,VPWR,li1,71.7600,57.1200,1.799112
FILLER_17_125,VPWR,li1,63.7100,57.1200,1.799133
FILLER_17_113,VPWR,li1,60.2600,57.1200,1.799149
FILLER_17_104,VPWR,li1,55.2000,57.1200,1.799199
FILLER_17_92,VPWR,li1,50.6000,57.1200,1.799255
FILLER_17_68,VPWR,li1,37.0300,57.1200,1.799439
FILLER_17_62,VPWR,li1,35.4200,57.1200,1.799468
FILLER_17_30,VPWR,li1,20.7000,57.1200,1.799752
FILLER_17_18,VPWR,li1,16.5600,57.1200,1.799752
FILLER_17_6,VPWR,li1,11.0400,57.1200,1.799751
FILLER_16_171,VPWR,li1,84.8700,57.1200,1.799100
FILLER_16_163,VPWR,li1,82.3400,57.1200,1.799101
FILLER_16_151,VPWR,li1,77.7400,57.1200,1.799103
FILLER_16_139,VPWR,li1,69.6900,57.1200,1.799118
FILLER_16_97,VPWR,li1,51.0600,57.1200,1.799255
FILLER_16_85,VPWR,li1,47.3800,57.1200,1.799297
FILLER_16_83,VPWR,li1,43.9300,57.1200,1.799351
FILLER_16_79,VPWR,li1,42.7800,57.1200,1.799351
FILLER_16_57,VPWR,li1,33.1200,57.1200,1.799504
FILLER_16_37,VPWR,li1,23.0000,57.1200,1.799695
FILLER_16_29,VPWR,li1,20.7000,57.1200,1.799752
FILLER_16_26,VPWR,li1,17.9400,57.1200,1.799752
FILLER_16_18,VPWR,li1,15.6400,57.1200,1.799752
FILLER_16_6,VPWR,li1,11.0400,57.1200,1.799751
FILLER_15_174,VPWR,li1,85.7900,51.6800,1.799239
FILLER_15_166,VPWR,li1,82.3400,51.6800,1.799240
FILLER_15_151,VPWR,li1,75.4400,51.6800,1.799259
FILLER_15_143,VPWR,li1,73.1400,51.6800,1.799268
FILLER_15_131,VPWR,li1,67.1600,51.6800,1.799318
FILLER_15_119,VPWR,li1,63.0200,51.6800,1.799352
FILLER_15_110,VPWR,li1,56.5800,51.6800,1.799395
FILLER_15_106,VPWR,li1,54.5100,51.6800,1.799416
FILLER_15_90,VPWR,li1,47.1500,51.6800,1.799500
FILLER_15_82,VPWR,li1,45.0800,51.6800,1.799546
FILLER_15_70,VPWR,li1,40.4800,51.6800,1.799589
FILLER_15_65,VPWR,li1,35.8800,51.6800,1.799640
FILLER_15_57,VPWR,li1,33.5800,51.6800,1.799668
FILLER_15_55,VPWR,li1,31.0500,51.6800,1.799720
FILLER_15_49,VPWR,li1,29.4400,51.6800,1.799720
FILLER_15_37,VPWR,li1,25.3000,51.6800,1.799778
FILLER_15_14,VPWR,li1,12.6500,51.6800,1.799824
FILLER_15_6,VPWR,li1,10.1200,51.6800,1.799821
FILLER_14_170,VPWR,li1,83.9500,51.6800,1.799240
FILLER_14_166,VPWR,li1,82.8000,51.6800,1.799240
FILLER_14_157,VPWR,li1,78.4300,51.6800,1.799248
FILLER_14_137,VPWR,li1,69.2300,51.6800,1.799290
FILLER_14_125,VPWR,li1,65.7800,51.6800,1.799318
FILLER_14_116,VPWR,li1,59.5700,51.6800,1.799375
FILLER_14_111,VPWR,li1,56.8100,51.6800,1.799395
FILLER_14_105,VPWR,li1,55.2000,51.6800,1.799416
FILLER_14_81,VPWR,li1,43.4700,51.6800,1.799546
FILLER_14_69,VPWR,li1,40.0200,51.6800,1.799589
FILLER_14_57,VPWR,li1,34.5000,51.6800,1.799668
FILLER_14_51,VPWR,li1,29.2100,51.6800,1.799743
FILLER_14_45,VPWR,li1,27.6000,51.6800,1.799743
FILLER_14_35,VPWR,li1,22.5400,51.6800,1.799808
FILLER_14_27,VPWR,li1,18.1700,51.6800,1.799830
FILLER_14_23,VPWR,li1,17.0200,51.6800,1.799830
FILLER_13_177,VPWR,li1,87.1700,46.2400,1.798531
FILLER_13_169,VPWR,li1,85.1000,46.2400,1.798531
FILLER_13_151,VPWR,li1,75.6700,46.2400,1.798569
FILLER_13_139,VPWR,li1,72.2200,46.2400,1.798592
FILLER_13_126,VPWR,li1,63.7100,46.2400,1.798696
FILLER_13_122,VPWR,li1,62.5600,46.2400,1.798696
FILLER_13_113,VPWR,li1,57.7300,46.2400,1.798766
FILLER_13_102,VPWR,li1,53.1300,46.2400,1.798844
FILLER_13_72,VPWR,li1,38.8700,46.2400,1.799125
FILLER_13_66,VPWR,li1,37.2600,46.2400,1.799192
FILLER_13_57,VPWR,li1,31.9700,46.2400,1.799353
FILLER_13_52,VPWR,li1,30.3600,46.2400,1.799353
FILLER_13_28,VPWR,li1,18.6300,46.2400,1.799649
FILLER_13_24,VPWR,li1,17.4800,46.2400,1.799649
FILLER_13_3,VPWR,li1,7.1300,46.2400,1.799640
FILLER_12_168,VPWR,li1,84.1800,46.2400,1.798538
FILLER_12_161,VPWR,li1,80.0400,46.2400,1.798547
FILLER_12_133,VPWR,li1,67.3900,46.2400,1.798642
FILLER_12_112,VPWR,li1,57.2700,46.2400,1.798766
FILLER_12_94,VPWR,li1,49.6800,46.2400,1.798883
FILLER_12_89,VPWR,li1,46.6900,46.2400,1.798930
FILLER_12_85,VPWR,li1,45.5400,46.2400,1.798998
FILLER_12_83,VPWR,li1,43.9300,46.2400,1.798998
FILLER_12_79,VPWR,li1,42.7800,46.2400,1.799066
FILLER_12_70,VPWR,li1,37.9500,46.2400,1.799192
FILLER_12_64,VPWR,li1,36.3400,46.2400,1.799192
FILLER_12_60,VPWR,li1,33.3500,46.2400,1.799271
FILLER_12_52,VPWR,li1,31.2800,46.2400,1.799353
FILLER_12_26,VPWR,li1,17.9400,46.2400,1.799649
FILLER_12_14,VPWR,li1,14.7200,46.2400,1.799645
FILLER_11_173,VPWR,li1,85.3300,40.8000,1.799241
FILLER_11_169,VPWR,li1,84.1800,40.8000,1.799241
FILLER_11_162,VPWR,li1,81.4200,40.8000,1.799242
FILLER_11_134,VPWR,li1,69.0000,40.8000,1.799264
FILLER_11_128,VPWR,li1,65.0900,40.8000,1.799277
FILLER_11_116,VPWR,li1,61.6400,40.8000,1.799300
FILLER_11_106,VPWR,li1,55.6600,40.8000,1.799341
FILLER_11_85,VPWR,li1,45.5400,40.8000,1.799425
FILLER_11_70,VPWR,li1,38.1800,40.8000,1.799498
FILLER_11_62,VPWR,li1,35.8800,40.8000,1.799519
FILLER_11_57,VPWR,li1,31.9700,40.8000,1.799558
FILLER_11_55,VPWR,li1,31.0500,40.8000,1.799580
FILLER_11_51,VPWR,li1,29.9000,40.8000,1.799580
FILLER_11_35,VPWR,li1,23.4600,40.8000,1.799709
FILLER_11_23,VPWR,li1,18.8600,40.8000,1.799764
FILLER_10_169,VPWR,li1,84.6400,40.8000,1.799241
FILLER_10_157,VPWR,li1,80.5000,40.8000,1.799242
FILLER_10_150,VPWR,li1,74.7500,40.8000,1.799250
FILLER_10_144,VPWR,li1,73.1400,40.8000,1.799250
FILLER_10_118,VPWR,li1,61.6400,40.8000,1.799300
FILLER_10_113,VPWR,li1,57.7300,40.8000,1.799326
FILLER_10_109,VPWR,li1,56.5800,40.8000,1.799341
FILLER_10_97,VPWR,li1,52.9000,40.8000,1.799373
FILLER_10_85,VPWR,li1,47.3800,40.8000,1.799409
FILLER_10_78,VPWR,li1,41.6300,40.8000,1.799476
FILLER_10_72,VPWR,li1,40.0200,40.8000,1.799476
FILLER_10_29,VPWR,li1,20.7000,40.8000,1.799769
FILLER_10_25,VPWR,li1,17.7100,40.8000,1.799764
FILLER_10_17,VPWR,li1,15.1800,40.8000,1.799760
FILLER_10_12,VPWR,li1,11.2700,40.8000,1.799755
FILLER_10_6,VPWR,li1,9.6600,40.8000,1.799755
FILLER_9_169,VPWR,li1,84.6400,35.3600,1.799039
FILLER_9_160,VPWR,li1,80.9600,35.3600,1.799039
FILLER_9_134,VPWR,li1,68.5400,35.3600,1.799046
FILLER_9_113,VPWR,li1,57.7300,35.3600,1.799122
FILLER_9_109,VPWR,li1,56.3500,35.3600,1.799122
FILLER_9_91,VPWR,li1,47.6100,35.3600,1.799285
FILLER_9_85,VPWR,li1,46.0000,35.3600,1.799285
FILLER_9_73,VPWR,li1,41.8600,35.3600,1.799359
FILLER_9_55,VPWR,li1,31.0500,35.3600,1.799595
FILLER_9_49,VPWR,li1,29.4400,35.3600,1.799595
FILLER_9_26,VPWR,li1,18.1700,35.3600,1.799753
FILLER_9_18,VPWR,li1,15.6400,35.3600,1.799750
FILLER_9_6,VPWR,li1,11.0400,35.3600,1.799744
FILLER_8_177,VPWR,li1,87.1700,35.3600,1.799039
FILLER_8_165,VPWR,li1,84.1800,35.3600,1.799039
FILLER_8_153,VPWR,li1,78.6600,35.3600,1.799039
FILLER_8_141,VPWR,li1,73.1400,35.3600,1.799039
FILLER_8_139,VPWR,li1,69.6900,35.3600,1.799043
FILLER_8_131,VPWR,li1,67.6200,35.3600,1.799046
FILLER_8_111,VPWR,li1,57.0400,35.3600,1.799122
FILLER_8_101,VPWR,li1,52.2100,35.3600,1.799176
FILLER_8_97,VPWR,li1,51.0600,35.3600,1.799215
FILLER_8_85,VPWR,li1,47.3800,35.3600,1.799285
FILLER_8_83,VPWR,li1,43.9300,35.3600,1.799322
FILLER_8_77,VPWR,li1,42.3200,35.3600,1.799359
FILLER_8_65,VPWR,li1,38.1800,35.3600,1.799437
FILLER_8_53,VPWR,li1,32.6600,35.3600,1.799553
FILLER_8_41,VPWR,li1,27.1400,35.3600,1.799641
FILLER_8_29,VPWR,li1,21.6200,35.3600,1.799758
FILLER_8_27,VPWR,li1,18.1700,35.3600,1.799753
FILLER_8_23,VPWR,li1,17.0200,35.3600,1.799750
FILLER_7_169,VPWR,li1,84.6400,29.9200,1.799340
FILLER_7_156,VPWR,li1,80.0400,29.9200,1.799340
FILLER_7_144,VPWR,li1,74.5200,29.9200,1.799340
FILLER_7_132,VPWR,li1,69.0000,29.9200,1.799344
FILLER_7_123,VPWR,li1,62.3300,29.9200,1.799360
FILLER_7_119,VPWR,li1,61.1800,29.9200,1.799360
FILLER_7_110,VPWR,li1,56.5800,29.9200,1.799377
FILLER_7_66,VPWR,li1,36.5700,29.9200,1.799555
FILLER_7_52,VPWR,li1,30.3600,29.9200,1.799678
FILLER_7_38,VPWR,li1,23.6900,29.9200,1.799769
FILLER_7_6,VPWR,li1,11.0400,29.9200,1.799802
FILLER_6_173,VPWR,li1,85.5600,29.9200,1.799340
FILLER_6_161,VPWR,li1,82.3400,29.9200,1.799340
FILLER_6_149,VPWR,li1,76.8200,29.9200,1.799340
FILLER_6_101,VPWR,li1,52.2100,29.9200,1.799409
FILLER_6_97,VPWR,li1,51.0600,29.9200,1.799409
FILLER_6_85,VPWR,li1,47.3800,29.9200,1.799441
FILLER_6_83,VPWR,li1,43.9300,29.9200,1.799468
FILLER_6_77,VPWR,li1,42.3200,29.9200,1.799484
FILLER_6_70,VPWR,li1,38.1800,29.9200,1.799555
FILLER_6_41,VPWR,li1,26.2200,29.9200,1.799723
FILLER_6_29,VPWR,li1,21.6200,29.9200,1.799807
FILLER_6_26,VPWR,li1,17.9400,29.9200,1.799802
FILLER_6_18,VPWR,li1,15.6400,29.9200,1.799802
FILLER_6_6,VPWR,li1,11.0400,29.9200,1.799802
FILLER_5_169,VPWR,li1,84.6400,24.4800,1.799582
FILLER_5_166,VPWR,li1,82.3400,24.4800,1.799582
FILLER_5_154,VPWR,li1,79.1200,24.4800,1.799582
FILLER_5_142,VPWR,li1,73.6000,24.4800,1.799582
FILLER_5_121,VPWR,li1,61.4100,24.4800,1.799603
FILLER_5_113,VPWR,li1,59.3400,24.4800,1.799613
FILLER_5_111,VPWR,li1,56.8100,24.4800,1.799635
FILLER_5_105,VPWR,li1,55.2000,24.4800,1.799635
FILLER_5_93,VPWR,li1,51.0600,24.4800,1.799667
FILLER_5_81,VPWR,li1,45.5400,24.4800,1.799695
FILLER_5_69,VPWR,li1,40.0200,24.4800,1.799747
FILLER_5_57,VPWR,li1,34.5000,24.4800,1.799788
FILLER_5_55,VPWR,li1,31.0500,24.4800,1.799808
FILLER_5_51,VPWR,li1,29.9000,24.4800,1.799823
FILLER_5_39,VPWR,li1,26.2200,24.4800,1.799856
FILLER_5_27,VPWR,li1,20.7000,24.4800,1.799904
FILLER_5_15,VPWR,li1,15.1800,24.4800,1.799904
FILLER_5_3,VPWR,li1,9.6600,24.4800,1.799904
FILLER_4_173,VPWR,li1,85.5600,24.4800,1.799582
FILLER_4_165,VPWR,li1,83.2600,24.4800,1.799582
FILLER_4_153,VPWR,li1,78.6600,24.4800,1.799582
FILLER_4_141,VPWR,li1,73.1400,24.4800,1.799582
FILLER_4_138,VPWR,li1,69.4600,24.4800,1.799582
FILLER_4_120,VPWR,li1,62.5600,24.4800,1.799603
FILLER_4_108,VPWR,li1,57.9600,24.4800,1.799624
FILLER_4_85,VPWR,li1,46.0000,24.4800,1.799695
FILLER_4_66,VPWR,li1,36.5700,24.4800,1.799773
FILLER_4_56,VPWR,li1,31.7400,24.4800,1.799808
FILLER_4_41,VPWR,li1,25.7600,24.4800,1.799856
FILLER_4_29,VPWR,li1,21.6200,24.4800,1.799904
FILLER_4_26,VPWR,li1,17.9400,24.4800,1.799904
FILLER_4_18,VPWR,li1,15.6400,24.4800,1.799904
FILLER_4_6,VPWR,li1,11.0400,24.4800,1.799904
FILLER_3_177,VPWR,li1,87.1700,19.0400,1.799526
FILLER_3_169,VPWR,li1,85.1000,19.0400,1.799526
FILLER_3_164,VPWR,li1,81.8800,19.0400,1.799526
FILLER_3_152,VPWR,li1,78.2000,19.0400,1.799526
FILLER_3_140,VPWR,li1,72.6800,19.0400,1.799529
FILLER_3_121,VPWR,li1,61.4100,19.0400,1.799549
FILLER_3_113,VPWR,li1,59.3400,19.0400,1.799556
FILLER_3_110,VPWR,li1,56.5800,19.0400,1.799569
FILLER_3_87,VPWR,li1,46.2300,19.0400,1.799625
FILLER_3_71,VPWR,li1,38.8700,19.0400,1.799679
FILLER_3_63,VPWR,li1,36.3400,19.0400,1.799699
FILLER_3_57,VPWR,li1,31.9700,19.0400,1.799742
FILLER_3_35,VPWR,li1,21.8500,19.0400,1.799856
FILLER_3_23,VPWR,li1,18.8600,19.0400,1.799852
FILLER_2_173,VPWR,li1,85.5600,19.0400,1.799526
FILLER_2_161,VPWR,li1,82.3400,19.0400,1.799526
FILLER_2_138,VPWR,li1,69.4600,19.0400,1.799535
FILLER_2_97,VPWR,li1,50.3700,19.0400,1.799603
FILLER_2_91,VPWR,li1,47.6100,19.0400,1.799625
FILLER_2_85,VPWR,li1,46.0000,19.0400,1.799625
FILLER_2_82,VPWR,li1,43.7000,19.0400,1.799642
FILLER_2_73,VPWR,li1,40.0200,19.0400,1.799679
FILLER_2_51,VPWR,li1,29.4400,19.0400,1.799763
FILLER_2_41,VPWR,li1,24.8400,19.0400,1.799814
FILLER_2_29,VPWR,li1,21.6200,19.0400,1.799856
FILLER_2_27,VPWR,li1,18.1700,19.0400,1.799852
FILLER_2_15,VPWR,li1,15.1800,19.0400,1.799848
FILLER_2_3,VPWR,li1,9.6600,19.0400,1.799844
FILLER_1_169,VPWR,li1,83.9500,13.6000,1.799593
FILLER_1_166,VPWR,li1,82.3400,13.6000,1.799593
FILLER_1_154,VPWR,li1,79.1200,13.6000,1.799593
FILLER_1_142,VPWR,li1,73.6000,13.6000,1.799593
FILLER_1_121,VPWR,li1,61.4100,13.6000,1.799600
FILLER_1_113,VPWR,li1,59.3400,13.6000,1.799603
FILLER_1_110,VPWR,li1,56.5800,13.6000,1.799608
FILLER_1_102,VPWR,li1,54.2800,13.6000,1.799612
FILLER_1_90,VPWR,li1,49.6800,13.6000,1.799616
FILLER_1_69,VPWR,li1,37.4900,13.6000,1.799696
FILLER_1_57,VPWR,li1,34.5000,13.6000,1.799724
FILLER_1_48,VPWR,li1,29.4400,13.6000,1.799788
FILLER_1_27,VPWR,li1,18.1700,13.6000,1.799876
FILLER_1_15,VPWR,li1,15.1800,13.6000,1.799876
FILLER_1_3,VPWR,li1,9.6600,13.6000,1.799876
FILLER_0_165,VPWR,li1,82.1100,13.6000,1.799593
FILLER_0_153,VPWR,li1,78.6600,13.6000,1.799593
FILLER_0_141,VPWR,li1,73.1400,13.6000,1.799593
FILLER_0_132,VPWR,li1,68.0800,13.6000,1.799593
FILLER_0_125,VPWR,li1,63.9400,13.6000,1.799596
FILLER_0_121,VPWR,li1,61.4100,13.6000,1.799600
FILLER_0_113,VPWR,li1,59.3400,13.6000,1.799603
FILLER_0_104,VPWR,li1,55.2000,13.6000,1.799608
FILLER_0_98,VPWR,li1,51.2900,13.6000,1.799616
FILLER_0_91,VPWR,li1,48.0700,13.6000,1.799627
FILLER_0_85,VPWR,li1,45.0800,13.6000,1.799639
FILLER_0_76,VPWR,li1,41.4000,13.6000,1.799675
FILLER_0_70,VPWR,li1,38.4100,13.6000,1.799696
FILLER_0_62,VPWR,li1,35.8800,13.6000,1.799724
FILLER_0_57,VPWR,li1,32.2000,13.6000,1.799745
FILLER_0_46,VPWR,li1,28.0600,13.6000,1.799788
FILLER_0_34,VPWR,li1,23.9200,13.6000,1.799844
FILLER_0_29,VPWR,li1,19.3200,13.6000,1.799876
FILLER_0_27,VPWR,li1,18.1700,13.6000,1.799876
FILLER_0_15,VPWR,li1,15.1800,13.6000,1.799876
FILLER_0_3,VPWR,li1,9.6600,13.6000,1.799876
hold7,VPWR,li1,49.2200,51.6800,1.799475
hold6,VPWR,li1,53.3600,24.4800,1.799644
hold5,VPWR,li1,63.4800,78.8800,1.799712
hold4,VPWR,li1,8.7400,46.2400,1.799640
hold3,VPWR,li1,72.2200,29.9200,1.799340
hold2,VPWR,li1,64.4000,29.9200,1.799351
rebuffer1,VPWR,li1,67.3900,24.4800,1.799582
clkload2,VPWR,li1,53.3600,57.1200,1.799221
clkload1,VPWR,li1,58.8800,40.8000,1.799326
clkload0,VPWR,li1,23.9200,40.8000,1.799709
clkbuf_2_3__f_clk,VPWR,li1,59.3400,57.1200,1.799149
clkbuf_2_2__f_clk,VPWR,li1,62.5600,35.3600,1.799053
clkbuf_2_1__f_clk,VPWR,li1,26.6800,57.1200,1.799604
clkbuf_2_0__f_clk,VPWR,li1,29.9000,40.8000,1.799579
clkbuf_0_clk,VPWR,li1,47.8400,46.2400,1.798930
bridge_57,VPWR,li1,85.3300,89.7600,1.799924
fanout56,VPWR,li1,47.8400,46.2400,1.798930
fanout55,VPWR,li1,20.2400,51.6800,1.799839
fanout54,VPWR,li1,12.4200,40.8000,1.799755
fanout53,VPWR,li1,58.8800,29.9200,1.799368
fanout52,VPWR,li1,20.2400,46.2400,1.799653
fanout51,VPWR,li1,80.5000,51.6800,1.799240
fanout50,VPWR,li1,69.0000,46.2400,1.798618
fanout49,VPWR,li1,71.3000,62.5600,1.799126
fanout48,VPWR,li1,63.4800,62.5600,1.799170
fanout47,VPWR,li1,57.9600,51.6800,1.799395
fanout46,VPWR,li1,66.7000,68.0000,1.799577
wire45,VPWR,li1,47.3800,68.0000,1.799681
wire44,VPWR,li1,53.5900,40.8000,1.799357
max_cap43,VPWR,li1,66.4700,40.8000,1.799277
fanout41,VPWR,li1,70.6100,62.5600,1.799126
max_cap40,VPWR,li1,45.7700,68.0000,1.799681
output39,VPWR,li1,7.8200,68.0000,1.799885
output38,VPWR,li1,59.3400,89.7600,1.799924
output37,VPWR,li1,40.0200,89.7600,1.799944
output36,VPWR,li1,62.5600,89.7600,1.799924
output35,VPWR,li1,86.4800,51.6800,1.799238
output34,VPWR,li1,86.4800,57.1200,1.799099
output33,VPWR,li1,86.4800,68.0000,1.799551
output32,VPWR,li1,30.3600,13.6000,1.799762
output31,VPWR,li1,86.4800,40.8000,1.799241
output30,VPWR,li1,86.4800,46.2400,1.798531
output29,VPWR,li1,49.6800,13.6000,1.799616
output28,VPWR,li1,46.4600,13.6000,1.799627
output27,VPWR,li1,43.2400,13.6000,1.799651
input26,VPWR,li1,8.9700,78.8800,1.799894
input25,VPWR,li1,7.5900,73.4400,1.799866
input24,VPWR,li1,86.7100,57.1200,1.799099
input23,VPWR,li1,11.2700,46.2400,1.799640
input22,VPWR,li1,86.7100,62.5600,1.799114
input21,VPWR,li1,65.5500,89.7600,1.799924
input20,VPWR,li1,7.5900,62.5600,1.799796
input19,VPWR,li1,7.5900,84.3200,1.799999
input18,VPWR,li1,7.5900,78.8800,1.799894
input17,VPWR,li1,8.9700,73.4400,1.799866
input16,VPWR,li1,85.3300,13.6000,1.799593
input15,VPWR,li1,65.5500,13.6000,1.799596
input14,VPWR,li1,33.3500,13.6000,1.799745
input13,VPWR,li1,7.5900,24.4800,1.799904
input12,VPWR,li1,7.5900,35.3600,1.799744
input11,VPWR,li1,86.7100,40.8000,1.799241
input10,VPWR,li1,7.5900,51.6800,1.799821
input9,VPWR,li1,7.5900,40.8000,1.799755
input8,VPWR,li1,7.5900,57.1200,1.799751
input7,VPWR,li1,7.5900,57.1200,1.799751
input6,VPWR,li1,52.6700,13.6000,1.799612
input5,VPWR,li1,62.3300,13.6000,1.799600
input4,VPWR,li1,39.7900,13.6000,1.799675
input3,VPWR,li1,20.4700,13.6000,1.799876
input2,VPWR,li1,7.5900,29.9200,1.799802
input1,VPWR,li1,86.7100,68.0000,1.799551
bridge_92,VPWR,li1,7.5900,84.3200,1.799999
bridge_91,VPWR,li1,86.7100,24.4800,1.799582
bridge_90,VPWR,li1,86.7100,19.0400,1.799526
bridge_89,VPWR,li1,86.7100,29.9200,1.799340
bridge_88,VPWR,li1,86.7100,84.3200,1.800000
bridge_87,VPWR,li1,86.7100,89.7600,1.799924
bridge_86,VPWR,li1,71.9900,89.7600,1.799924
bridge_85,VPWR,li1,78.4300,89.7600,1.799924
bridge_84,VPWR,li1,86.7100,13.6000,1.799593
bridge_83,VPWR,li1,83.9500,13.6000,1.799593
bridge_82,VPWR,li1,86.7100,29.9200,1.799340
bridge_81,VPWR,li1,49.4500,89.7600,1.799934
bridge_80,VPWR,li1,55.8900,89.7600,1.799927
bridge_79,VPWR,li1,86.7100,51.6800,1.799238
bridge_78,VPWR,li1,84.8700,89.7600,1.799924
bridge_77,VPWR,li1,85.3300,13.6000,1.799593
bridge_76,VPWR,li1,52.6700,89.7600,1.799930
bridge_75,VPWR,li1,86.7100,89.7600,1.799924
bridge_74,VPWR,li1,68.7700,89.7600,1.799924
bridge_73,VPWR,li1,7.5900,89.7600,1.799980
bridge_72,VPWR,li1,81.6500,89.7600,1.799924
bridge_71,VPWR,li1,43.0100,89.7600,1.799941
bridge_70,VPWR,li1,7.5900,29.9200,1.799802
bridge_69,VPWR,li1,85.3300,84.3200,1.800000
bridge_68,VPWR,li1,10.3500,89.7600,1.799980
bridge_67,VPWR,li1,80.2700,89.7600,1.799924
bridge_66,VPWR,li1,86.7100,13.6000,1.799593
bridge_65,VPWR,li1,86.7100,35.3600,1.799039
bridge_64,VPWR,li1,86.7100,78.8800,1.799712
bridge_63,VPWR,li1,46.2300,89.7600,1.799937
bridge_62,VPWR,li1,75.2100,89.7600,1.799924
bridge_61,VPWR,li1,86.7100,24.4800,1.799582
bridge_60,VPWR,li1,8.9700,89.7600,1.799980
bridge_59,VPWR,li1,86.7100,84.3200,1.800000
bridge_58,VPWR,li1,83.9500,89.7600,1.799924
TAP_TAPCELL_ROW_29_155,VPWR,li1,83.0300,90.0660,1.799924
TAP_TAPCELL_ROW_29_154,VPWR,li1,70.1500,90.0660,1.799924
TAP_TAPCELL_ROW_29_153,VPWR,li1,57.2700,90.0660,1.799927
TAP_TAPCELL_ROW_29_152,VPWR,li1,44.3900,90.0660,1.799939
TAP_TAPCELL_ROW_29_151,VPWR,li1,31.5100,90.0660,1.799963
TAP_TAPCELL_ROW_29_150,VPWR,li1,18.6300,90.0660,1.799980
TAP_TAPCELL_ROW_28_149,VPWR,li1,70.1500,89.4530,1.799924
TAP_TAPCELL_ROW_28_148,VPWR,li1,44.3900,89.4530,1.799939
TAP_TAPCELL_ROW_28_147,VPWR,li1,18.6300,89.4530,1.799980
TAP_TAPCELL_ROW_27_146,VPWR,li1,83.0300,84.6260,1.800000
TAP_TAPCELL_ROW_27_145,VPWR,li1,57.2700,84.6260,1.800000
TAP_TAPCELL_ROW_27_144,VPWR,li1,31.5100,84.6260,1.800000
TAP_TAPCELL_ROW_26_143,VPWR,li1,70.1500,84.0130,1.800000
TAP_TAPCELL_ROW_26_142,VPWR,li1,44.3900,84.0130,1.800000
TAP_TAPCELL_ROW_26_141,VPWR,li1,18.6300,84.0130,1.799999
TAP_TAPCELL_ROW_25_140,VPWR,li1,83.0300,79.1860,1.799712
TAP_TAPCELL_ROW_25_139,VPWR,li1,57.2700,79.1860,1.799714
TAP_TAPCELL_ROW_25_138,VPWR,li1,31.5100,79.1860,1.799816
TAP_TAPCELL_ROW_24_137,VPWR,li1,70.1500,78.5730,1.799712
TAP_TAPCELL_ROW_24_136,VPWR,li1,44.3900,78.5730,1.799737
TAP_TAPCELL_ROW_24_135,VPWR,li1,18.6300,78.5730,1.799895
TAP_TAPCELL_ROW_23_134,VPWR,li1,83.0300,73.7460,1.799649
TAP_TAPCELL_ROW_23_133,VPWR,li1,57.2700,73.7460,1.799687
TAP_TAPCELL_ROW_23_132,VPWR,li1,31.5100,73.7460,1.799805
TAP_TAPCELL_ROW_22_131,VPWR,li1,70.1500,73.1330,1.799649
TAP_TAPCELL_ROW_22_130,VPWR,li1,44.3900,73.1330,1.799736
TAP_TAPCELL_ROW_22_129,VPWR,li1,18.6300,73.1330,1.799877
TAP_TAPCELL_ROW_21_128,VPWR,li1,83.0300,68.3060,1.799554
TAP_TAPCELL_ROW_21_127,VPWR,li1,57.2700,68.3060,1.799621
TAP_TAPCELL_ROW_21_126,VPWR,li1,31.5100,68.3060,1.799792
TAP_TAPCELL_ROW_20_125,VPWR,li1,70.1500,67.6930,1.799573
TAP_TAPCELL_ROW_20_124,VPWR,li1,44.3900,67.6930,1.799694
TAP_TAPCELL_ROW_20_123,VPWR,li1,18.6300,67.6930,1.799891
TAP_TAPCELL_ROW_19_122,VPWR,li1,83.0300,62.8660,1.799114
TAP_TAPCELL_ROW_19_121,VPWR,li1,57.2700,62.8660,1.799237
TAP_TAPCELL_ROW_19_120,VPWR,li1,31.5100,62.8660,1.799625
TAP_TAPCELL_ROW_18_119,VPWR,li1,70.1500,62.2530,1.799126
TAP_TAPCELL_ROW_18_118,VPWR,li1,44.3900,62.2530,1.799389
TAP_TAPCELL_ROW_18_117,VPWR,li1,18.6300,62.2530,1.799806
TAP_TAPCELL_ROW_17_116,VPWR,li1,83.0300,57.4260,1.799101
TAP_TAPCELL_ROW_17_115,VPWR,li1,57.2700,57.4260,1.799174
TAP_TAPCELL_ROW_17_114,VPWR,li1,31.5100,57.4260,1.799533
TAP_TAPCELL_ROW_16_113,VPWR,li1,70.1500,56.8130,1.799118
TAP_TAPCELL_ROW_16_112,VPWR,li1,44.3900,56.8130,1.799351
TAP_TAPCELL_ROW_16_111,VPWR,li1,18.6300,56.8130,1.799752
TAP_TAPCELL_ROW_15_110,VPWR,li1,83.0300,51.9860,1.799240
TAP_TAPCELL_ROW_15_109,VPWR,li1,57.2700,51.9860,1.799395
TAP_TAPCELL_ROW_15_108,VPWR,li1,31.5100,51.9860,1.799694
TAP_TAPCELL_ROW_14_107,VPWR,li1,70.1500,51.3730,1.799290
TAP_TAPCELL_ROW_14_106,VPWR,li1,44.3900,51.3730,1.799546
TAP_TAPCELL_ROW_14_105,VPWR,li1,18.6300,51.3730,1.799830
TAP_TAPCELL_ROW_13_104,VPWR,li1,83.0300,46.5460,1.798538
TAP_TAPCELL_ROW_13_103,VPWR,li1,57.2700,46.5460,1.798766
TAP_TAPCELL_ROW_13_102,VPWR,li1,31.5100,46.5460,1.799353
TAP_TAPCELL_ROW_12_101,VPWR,li1,70.1500,45.9330,1.798618
TAP_TAPCELL_ROW_12_100,VPWR,li1,44.3900,45.9330,1.798998
TAP_TAPCELL_ROW_12_99,VPWR,li1,18.6300,45.9330,1.799649
TAP_TAPCELL_ROW_11_98,VPWR,li1,83.0300,41.1060,1.799241
TAP_TAPCELL_ROW_11_97,VPWR,li1,57.2700,41.1060,1.799341
TAP_TAPCELL_ROW_11_96,VPWR,li1,31.5100,41.1060,1.799580
TAP_TAPCELL_ROW_10_95,VPWR,li1,70.1500,40.4930,1.799264
TAP_TAPCELL_ROW_10_94,VPWR,li1,44.3900,40.4930,1.799448
TAP_TAPCELL_ROW_10_93,VPWR,li1,18.6300,40.4930,1.799764
TAP_TAPCELL_ROW_9_92,VPWR,li1,83.0300,35.6660,1.799039
TAP_TAPCELL_ROW_9_91,VPWR,li1,57.2700,35.6660,1.799122
TAP_TAPCELL_ROW_9_90,VPWR,li1,31.5100,35.6660,1.799553
TAP_TAPCELL_ROW_8_89,VPWR,li1,70.1500,35.0530,1.799043
TAP_TAPCELL_ROW_8_88,VPWR,li1,44.3900,35.0530,1.799322
TAP_TAPCELL_ROW_8_87,VPWR,li1,18.6300,35.0530,1.799753
TAP_TAPCELL_ROW_7_86,VPWR,li1,83.0300,30.2260,1.799340
TAP_TAPCELL_ROW_7_85,VPWR,li1,57.2700,30.2260,1.799377
TAP_TAPCELL_ROW_7_84,VPWR,li1,31.5100,30.2260,1.799628
TAP_TAPCELL_ROW_6_83,VPWR,li1,70.1500,29.6130,1.799342
TAP_TAPCELL_ROW_6_82,VPWR,li1,44.3900,29.6130,1.799468
TAP_TAPCELL_ROW_6_81,VPWR,li1,18.6300,29.6130,1.799802
TAP_TAPCELL_ROW_5_80,VPWR,li1,83.0300,24.7860,1.799582
TAP_TAPCELL_ROW_5_79,VPWR,li1,57.2700,24.7860,1.799624
TAP_TAPCELL_ROW_5_78,VPWR,li1,31.5100,24.7860,1.799808
TAP_TAPCELL_ROW_4_77,VPWR,li1,70.1500,24.1730,1.799582
TAP_TAPCELL_ROW_4_76,VPWR,li1,44.3900,24.1730,1.799711
TAP_TAPCELL_ROW_4_75,VPWR,li1,18.6300,24.1730,1.799904
TAP_TAPCELL_ROW_3_74,VPWR,li1,83.0300,19.3460,1.799526
TAP_TAPCELL_ROW_3_73,VPWR,li1,57.2700,19.3460,1.799563
TAP_TAPCELL_ROW_3_72,VPWR,li1,31.5100,19.3460,1.799742
TAP_TAPCELL_ROW_2_71,VPWR,li1,70.1500,18.7330,1.799532
TAP_TAPCELL_ROW_2_70,VPWR,li1,44.3900,18.7330,1.799642
TAP_TAPCELL_ROW_2_69,VPWR,li1,18.6300,18.7330,1.799852
TAP_TAPCELL_ROW_1_68,VPWR,li1,83.0300,13.9060,1.799593
TAP_TAPCELL_ROW_1_67,VPWR,li1,57.2700,13.9060,1.799605
TAP_TAPCELL_ROW_1_66,VPWR,li1,31.5100,13.9060,1.799762
TAP_TAPCELL_ROW_0_65,VPWR,li1,83.0300,13.2930,1.799593
TAP_TAPCELL_ROW_0_64,VPWR,li1,70.1500,13.2930,1.799593
TAP_TAPCELL_ROW_0_63,VPWR,li1,57.2700,13.2930,1.799605
TAP_TAPCELL_ROW_0_62,VPWR,li1,44.3900,13.2930,1.799639
TAP_TAPCELL_ROW_0_61,VPWR,li1,31.5100,13.2930,1.799762
TAP_TAPCELL_ROW_0_60,VPWR,li1,18.6300,13.2930,1.799876
PHY_EDGE_ROW_29_Left_59,VPWR,li1,6.2100,89.7600,1.799980
PHY_EDGE_ROW_28_Left_58,VPWR,li1,6.2100,89.7600,1.799980
PHY_EDGE_ROW_27_Left_57,VPWR,li1,6.2100,84.3200,1.799999
PHY_EDGE_ROW_26_Left_56,VPWR,li1,6.2100,84.3200,1.799999
PHY_EDGE_ROW_25_Left_55,VPWR,li1,6.2100,78.8800,1.799894
PHY_EDGE_ROW_24_Left_54,VPWR,li1,6.2100,78.8800,1.799894
PHY_EDGE_ROW_23_Left_53,VPWR,li1,6.2100,73.4400,1.799866
PHY_EDGE_ROW_22_Left_52,VPWR,li1,6.2100,73.4400,1.799866
PHY_EDGE_ROW_21_Left_51,VPWR,li1,6.2100,68.0000,1.799885
PHY_EDGE_ROW_20_Left_50,VPWR,li1,6.2100,68.0000,1.799885
PHY_EDGE_ROW_19_Left_49,VPWR,li1,6.2100,62.5600,1.799796
PHY_EDGE_ROW_18_Left_48,VPWR,li1,6.2100,62.5600,1.799796
PHY_EDGE_ROW_17_Left_47,VPWR,li1,6.2100,57.1200,1.799751
PHY_EDGE_ROW_16_Left_46,VPWR,li1,6.2100,57.1200,1.799751
PHY_EDGE_ROW_15_Left_45,VPWR,li1,6.2100,51.6800,1.799821
PHY_EDGE_ROW_14_Left_44,VPWR,li1,6.2100,51.6800,1.799821
PHY_EDGE_ROW_13_Left_43,VPWR,li1,6.2100,46.2400,1.799640
PHY_EDGE_ROW_12_Left_42,VPWR,li1,6.2100,46.2400,1.799640
PHY_EDGE_ROW_11_Left_41,VPWR,li1,6.2100,40.8000,1.799755
PHY_EDGE_ROW_10_Left_40,VPWR,li1,6.2100,40.8000,1.799755
PHY_EDGE_ROW_9_Left_39,VPWR,li1,6.2100,35.3600,1.799744
PHY_EDGE_ROW_8_Left_38,VPWR,li1,6.2100,35.3600,1.799744
PHY_EDGE_ROW_7_Left_37,VPWR,li1,6.2100,29.9200,1.799802
PHY_EDGE_ROW_6_Left_36,VPWR,li1,6.2100,29.9200,1.799802
PHY_EDGE_ROW_5_Left_35,VPWR,li1,6.2100,24.4800,1.799904
PHY_EDGE_ROW_4_Left_34,VPWR,li1,6.2100,24.4800,1.799904
PHY_EDGE_ROW_3_Left_33,VPWR,li1,6.2100,19.0400,1.799844
PHY_EDGE_ROW_2_Left_32,VPWR,li1,6.2100,19.0400,1.799844
PHY_EDGE_ROW_1_Left_31,VPWR,li1,6.2100,13.6000,1.799876
PHY_EDGE_ROW_0_Left_30,VPWR,li1,6.2100,13.6000,1.799876
PHY_EDGE_ROW_29_Right_29,VPWR,li1,88.0900,89.7600,1.799924
PHY_EDGE_ROW_28_Right_28,VPWR,li1,88.0900,89.7600,1.799924
PHY_EDGE_ROW_27_Right_27,VPWR,li1,88.0900,84.3200,1.800000
PHY_EDGE_ROW_26_Right_26,VPWR,li1,88.0900,84.3200,1.800000
PHY_EDGE_ROW_25_Right_25,VPWR,li1,88.0900,78.8800,1.799712
PHY_EDGE_ROW_24_Right_24,VPWR,li1,88.0900,78.8800,1.799712
PHY_EDGE_ROW_23_Right_23,VPWR,li1,88.0900,73.4400,1.799649
PHY_EDGE_ROW_22_Right_22,VPWR,li1,88.0900,73.4400,1.799649
PHY_EDGE_ROW_21_Right_21,VPWR,li1,88.0900,68.0000,1.799551
PHY_EDGE_ROW_20_Right_20,VPWR,li1,88.0900,68.0000,1.799551
PHY_EDGE_ROW_19_Right_19,VPWR,li1,88.0900,62.5600,1.799114
PHY_EDGE_ROW_18_Right_18,VPWR,li1,88.0900,62.5600,1.799114
PHY_EDGE_ROW_17_Right_17,VPWR,li1,88.0900,57.1200,1.799099
PHY_EDGE_ROW_16_Right_16,VPWR,li1,88.0900,57.1200,1.799099
PHY_EDGE_ROW_15_Right_15,VPWR,li1,88.0900,51.6800,1.799238
PHY_EDGE_ROW_14_Right_14,VPWR,li1,88.0900,51.6800,1.799238
PHY_EDGE_ROW_13_Right_13,VPWR,li1,88.0900,46.2400,1.798531
PHY_EDGE_ROW_12_Right_12,VPWR,li1,88.0900,46.2400,1.798531
PHY_EDGE_ROW_11_Right_11,VPWR,li1,88.0900,40.8000,1.799241
PHY_EDGE_ROW_10_Right_10,VPWR,li1,88.0900,40.8000,1.799241
PHY_EDGE_ROW_9_Right_9,VPWR,li1,88.0900,35.3600,1.799039
PHY_EDGE_ROW_8_Right_8,VPWR,li1,88.0900,35.3600,1.799039
PHY_EDGE_ROW_7_Right_7,VPWR,li1,88.0900,29.9200,1.799340
PHY_EDGE_ROW_6_Right_6,VPWR,li1,88.0900,29.9200,1.799340
PHY_EDGE_ROW_5_Right_5,VPWR,li1,88.0900,24.4800,1.799582
PHY_EDGE_ROW_4_Right_4,VPWR,li1,88.0900,24.4800,1.799582
PHY_EDGE_ROW_3_Right_3,VPWR,li1,88.0900,19.0400,1.799526
PHY_EDGE_ROW_2_Right_2,VPWR,li1,88.0900,19.0400,1.799526
PHY_EDGE_ROW_1_Right_1,VPWR,li1,88.0900,13.6000,1.799593
PHY_EDGE_ROW_0_Right_0,VPWR,li1,88.0900,13.6000,1.799593
_340_,VPWR,li1,57.7300,89.7600,1.799924
_339_,VPWR,li1,84.8700,51.6800,1.799239
_302_,VPWR,li1,55.2000,62.5600,1.799255
_301_,VPWR,li1,65.3200,73.4400,1.799652
_300_,VPWR,li1,62.1000,46.2400,1.798696
_299_,VPWR,li1,75.4400,40.8000,1.799243
_298_,VPWR,li1,11.9600,46.2400,1.799640
_297_,VPWR,li1,11.5000,40.8000,1.799755
_296_,VPWR,li1,11.5000,51.6800,1.799821
_295_,VPWR,li1,17.9400,51.6800,1.799830
_294_,VPWR,li1,11.5000,62.5600,1.799796
_293_,VPWR,li1,11.5000,78.8800,1.799894
_292_,VPWR,li1,11.5000,73.4400,1.799867
_291_,VPWR,li1,11.5000,68.0000,1.799888
_290_,VPWR,li1,55.2000,19.0400,1.799569
_289_,VPWR,li1,64.4000,19.0400,1.799542
_288_,VPWR,li1,74.9800,19.0400,1.799526
_287_,VPWR,li1,66.2400,13.6000,1.799593
_286_,VPWR,li1,18.8600,78.8800,1.799895
_285_,VPWR,li1,74.5200,35.3600,1.799039
_284_,VPWR,li1,68.0800,73.4400,1.799649
_283_,VPWR,li1,42.3200,13.6000,1.799651
_282_,VPWR,li1,23.0000,13.6000,1.799844
_281_,VPWR,li1,18.4000,29.9200,1.799802
_280_,VPWR,li1,34.5000,19.0400,1.799724
_279_,VPWR,li1,11.5000,19.0400,1.799844
_278_,VPWR,li1,11.5000,35.3600,1.799744
_277_,VPWR,li1,51.5200,19.0400,1.799586
_276_,VPWR,li1,26.6800,19.0400,1.799790
_275_,VPWR,li1,32.8900,29.9200,1.799628
_274_,VPWR,li1,43.2400,57.1200,1.799351
_273_,VPWR,li1,24.8400,73.4400,1.799847
_272_,VPWR,li1,33.3500,78.8800,1.799796
_271_,VPWR,li1,45.3100,78.8800,1.799737
_270_,VPWR,li1,57.0400,78.8800,1.799714
_269_,VPWR,li1,51.5200,29.9200,1.799409
_268_,VPWR,li1,49.2200,51.6800,1.799475
_267_,VPWR,li1,23.4600,35.3600,1.799715
_266_,VPWR,li1,42.0900,29.9200,1.799484
_265_,VPWR,li1,24.1500,46.2400,1.799540
_264_,VPWR,li1,57.0400,29.9200,1.799377
_263_,VPWR,li1,66.2400,24.4800,1.799584
_262_,VPWR,li1,54.9700,62.5600,1.799255
_261_,VPWR,li1,76.5900,68.0000,1.799562
_260_,VPWR,li1,75.9000,62.5600,1.799118
_259_,VPWR,li1,60.4900,68.0000,1.799600
_258_,VPWR,li1,58.8800,51.6800,1.799375
_257_,VPWR,li1,66.0100,57.1200,1.799125
_256_,VPWR,li1,59.8000,46.2400,1.798728
_255_,VPWR,li1,55.4300,46.2400,1.798794
_254_,VPWR,li1,55.4300,46.2400,1.798794
_253_,VPWR,li1,48.3000,40.8000,1.799409
_252_,VPWR,li1,61.6400,51.6800,1.799352
_251_,VPWR,li1,61.6400,68.0000,1.799600
_250_,VPWR,li1,54.5100,68.0000,1.799632
_249_,VPWR,li1,53.1300,68.0000,1.799642
_248_,VPWR,li1,76.8200,46.2400,1.798569
_247_,VPWR,li1,73.3700,57.1200,1.799107
_246_,VPWR,li1,73.1400,68.0000,1.799567
_245_,VPWR,li1,79.1200,57.1200,1.799103
_244_,VPWR,li1,81.8800,57.1200,1.799101
_243_,VPWR,li1,76.3600,40.8000,1.799243
_242_,VPWR,li1,49.4500,24.4800,1.799667
_241_,VPWR,li1,43.7000,19.0400,1.799642
_240_,VPWR,li1,38.4100,24.4800,1.799747
_239_,VPWR,li1,43.2400,24.4800,1.799711
_238_,VPWR,li1,40.9400,24.4800,1.799728
_237_,VPWR,li1,29.2100,24.4800,1.799823
_236_,VPWR,li1,27.1400,19.0400,1.799790
_235_,VPWR,li1,33.3500,24.4800,1.799788
_234_,VPWR,li1,33.3500,19.0400,1.799724
_233_,VPWR,li1,35.1900,24.4800,1.799773
_232_,VPWR,li1,33.8100,29.9200,1.799594
_231_,VPWR,li1,26.2200,29.9200,1.799723
_230_,VPWR,li1,28.7500,29.9200,1.799678
_229_,VPWR,li1,54.5100,35.3600,1.799143
_228_,VPWR,li1,59.5700,35.3600,1.799086
_227_,VPWR,li1,40.0200,62.5600,1.799462
_226_,VPWR,li1,46.6900,62.5600,1.799358
_225_,VPWR,li1,40.0200,57.1200,1.799392
_224_,VPWR,li1,41.4000,68.0000,1.799712
_223_,VPWR,li1,37.0300,57.1200,1.799439
_222_,VPWR,li1,35.1900,57.1200,1.799468
_221_,VPWR,li1,27.8300,73.4400,1.799823
_220_,VPWR,li1,26.9100,68.0000,1.799829
_219_,VPWR,li1,37.9500,68.0000,1.799737
_218_,VPWR,li1,41.4000,73.4400,1.799744
_217_,VPWR,li1,39.3300,73.4400,1.799757
_216_,VPWR,li1,29.2100,57.1200,1.799563
_215_,VPWR,li1,26.6800,57.1200,1.799604
_214_,VPWR,li1,24.3800,57.1200,1.799695
_213_,VPWR,li1,33.8100,73.4400,1.799788
_212_,VPWR,li1,30.1300,68.0000,1.799810
_211_,VPWR,li1,33.8100,68.0000,1.799771
_210_,VPWR,li1,34.2700,73.4400,1.799788
_209_,VPWR,li1,36.1100,73.4400,1.799770
_208_,VPWR,li1,32.8900,57.1200,1.799504
_207_,VPWR,li1,31.0500,57.1200,1.799533
_206_,VPWR,li1,26.9100,62.5600,1.799694
_205_,VPWR,li1,41.6300,78.8800,1.799748
_204_,VPWR,li1,33.5800,62.5600,1.799576
_203_,VPWR,li1,45.7700,62.5600,1.799389
_202_,VPWR,li1,50.1400,68.0000,1.799656
_201_,VPWR,li1,33.5800,68.0000,1.799771
_200_,VPWR,li1,47.8400,73.4400,1.799716
_199_,VPWR,li1,64.6300,68.0000,1.799584
_198_,VPWR,li1,48.7600,62.5600,1.799331
_197_,VPWR,li1,55.2000,78.8800,1.799717
_196_,VPWR,li1,52.4400,73.4400,1.799698
_195_,VPWR,li1,50.1400,73.4400,1.799706
_194_,VPWR,li1,52.6700,51.6800,1.799435
_193_,VPWR,li1,84.4100,51.6800,1.799239
_192_,VPWR,li1,55.4300,51.6800,1.799416
_191_,VPWR,li1,69.9200,51.6800,1.799290
_190_,VPWR,li1,41.1700,46.2400,1.799066
_189_,VPWR,li1,40.0200,46.2400,1.799125
_188_,VPWR,li1,40.0200,40.8000,1.799476
_187_,VPWR,li1,43.0100,40.8000,1.799448
_186_,VPWR,li1,20.4700,62.5600,1.799808
_185_,VPWR,li1,33.8100,35.3600,1.799507
_184_,VPWR,li1,27.1400,40.8000,1.799634
_183_,VPWR,li1,33.1200,40.8000,1.799558
_182_,VPWR,li1,37.7200,40.8000,1.799498
_181_,VPWR,li1,24.1500,68.0000,1.799870
_180_,VPWR,li1,17.2500,68.0000,1.799891
_179_,VPWR,li1,15.1800,68.0000,1.799890
_178_,VPWR,li1,37.4900,35.3600,1.799437
_177_,VPWR,li1,34.0400,46.2400,1.799271
_176_,VPWR,li1,20.4700,68.0000,1.799893
_175_,VPWR,li1,30.5900,51.6800,1.799720
_174_,VPWR,li1,49.9100,35.3600,1.799215
_173_,VPWR,li1,23.6900,46.2400,1.799540
_172_,VPWR,li1,24.8400,51.6800,1.799778
_171_,VPWR,li1,27.6000,46.2400,1.799429
_170_,VPWR,li1,39.7900,29.9200,1.799510
_169_,VPWR,li1,53.8200,35.3600,1.799176
_168_,VPWR,li1,52.2100,46.2400,1.798844
_167_,VPWR,li1,66.7000,40.8000,1.799277
_166_,VPWR,li1,51.5200,40.8000,1.799373
_165_,VPWR,li1,43.0100,40.8000,1.799448
_164_,VPWR,li1,35.6500,40.8000,1.799519
_163_,VPWR,li1,34.2700,46.2400,1.799271
_162_,VPWR,li1,63.7100,29.9200,1.799351
_161_,VPWR,li1,63.7100,19.0400,1.799542
_160_,VPWR,li1,67.8500,29.9200,1.799344
_159_,VPWR,li1,67.8500,19.0400,1.799535
_158_,VPWR,li1,63.0200,35.3600,1.799053
_157_,VPWR,li1,64.8600,62.5600,1.799170
_156_,VPWR,li1,48.9900,19.0400,1.799603
_155_,VPWR,li1,40.7100,19.0400,1.799663
_154_,VPWR,li1,42.0900,19.0400,1.799663
_153_,VPWR,li1,60.9500,89.7600,1.799924
_152_,VPWR,li1,81.6500,46.2400,1.798547
_151_,VPWR,li1,78.8900,46.2400,1.798556
_150_,VPWR,li1,77.9700,46.2400,1.798556
_149_,VPWR,li1,78.2000,51.6800,1.799248
_148_,VPWR,li1,65.0900,24.4800,1.799584
_147_,VPWR,li1,72.9100,46.2400,1.798592
_146_,VPWR,li1,67.1600,62.5600,1.799145
_145_,VPWR,li1,81.1900,51.6800,1.799240
_144_,VPWR,li1,66.7000,57.1200,1.799125
_143_,VPWR,li1,68.3100,68.0000,1.799577
_142_,VPWR,li1,66.7000,46.2400,1.798642
_141_,VPWR,li1,78.2000,62.5600,1.799115
_140_,VPWR,li1,71.0700,40.8000,1.799257
_139_,VPWR,li1,74.0600,51.6800,1.799268
_138_,VPWR,li1,81.1900,46.2400,1.798547
_137_,VPWR,li1,80.9600,62.5600,1.799114
_136_,VPWR,li1,73.8300,62.5600,1.799122
_135_,VPWR,li1,37.0300,51.6800,1.799640
_134_,VPWR,li1,30.1300,62.5600,1.799661
_133_,VPWR,li1,22.7700,68.0000,1.799870
_132_,VPWR,li1,74.2900,68.0000,1.799567
_131_,VPWR,li1,66.0100,78.8800,1.799712
_130_,VPWR,li1,37.9500,57.1200,1.799439
_129_,VPWR,li1,65.0900,35.3600,1.799049
_128_,VPWR,li1,68.7700,57.1200,1.799118
_127_,VPWR,li1,71.0700,57.1200,1.799112
_126_,VPWR,li1,58.1900,40.8000,1.799326
